xi,eta,w
3.3333333333333331e-01,3.3333333333333331e-01,5.0000000000000000e-01
