xi,eta,w
3.3333333333333331e-01,3.3333333333333331e-01,7.2157803838893586e-02
1.7056930775176021e-01,1.7056930775176021e-01,5.1608685267359122e-02
1.7056930775176021e-01,6.5886138449647957e-01,5.1608685267359122e-02
6.5886138449647957e-01,1.7056930775176021e-01,5.1608685267359122e-02
5.0547228317030977e-02,5.0547228317030977e-02,1.6229248811599040e-02
5.0547228317030977e-02,8.9890554336593809e-01,1.6229248811599040e-02
8.9890554336593809e-01,5.0547228317030977e-02,1.6229248811599040e-02
4.5929258829272318e-01,4.5929258829272318e-01,4.7545817133642310e-02
4.5929258829272318e-01,8.1414823414553639e-02,4.7545817133642310e-02
8.1414823414553639e-02,4.5929258829272318e-01,4.7545817133642310e-02
2.6311282963463811e-01,8.3947774099576052e-03,1.3615157087217496e-02
7.2849239295540424e-01,2.6311282963463811e-01,1.3615157087217496e-02
8.3947774099576052e-03,7.2849239295540424e-01,1.3615157087217496e-02
8.3947774099576052e-03,2.6311282963463811e-01,1.3615157087217496e-02
7.2849239295540424e-01,8.3947774099576052e-03,1.3615157087217496e-02
2.6311282963463811e-01,7.2849239295540424e-01,1.3615157087217496e-02
